mutual_nn_ratio,top1_top2_gap,ransac_inlier_ratio,max_score,min_score
0.0,0.0019111671717837453,0.09854014598540146,0.894855797290802,0.5658746361732483
