mutual_nn_ratio,top1_top2_gap,ransac_inlier_ratio,max_score,min_score
0.038686130195856094,0.002591176889836788,0.040145985401459854,0.8518751859664917,0.6895061731338501
