mutual_nn_ratio,top1_top2_gap,ransac_inlier_ratio,max_score,min_score
0.021167883649468422,0.002096688374876976,0.07372262773722628,0.7025228142738342,0.49744054675102234
